Id,Predicted
0,decreasevolume
1,deactivatelights
2,decreasevolume
3,activatemusic
4,deactivatelights
5,decreaseheat
6,decreaseheat
7,change language
8,decreasevolume
9,change language
10,decreasevolume
11,decreasevolume
12,increasevolume
13,decreasevolume
14,increaseheat
15,decreasevolume
16,decreaseheat
17,activatemusic
18,increaseheat
19,increasevolume
20,activatemusic
21,change language
22,increaseheat
23,increasevolume
24,decreaseheat
25,decreasevolume
26,decreasevolume
27,change language
28,increasevolume
29,change language
30,increasevolume
31,change language
32,decreasevolume
33,increaseheat
34,activatemusic
35,activatemusic
36,deactivatelights
37,increaseheat
38,increasevolume
39,decreasevolume
40,decreasevolume
41,decreasevolume
42,decreaseheat
43,activatemusic
44,decreaseheat
45,decreasevolume
46,decreasevolume
47,deactivatelights
48,decreasevolume
49,increasevolume
50,change language
51,activatemusic
52,increaseheat
53,decreasevolume
54,increasevolume
55,increasevolume
56,increasevolume
57,increaseheat
58,change language
59,increasevolume
60,decreasevolume
61,increasevolume
62,decreaseheat
63,decreasevolume
64,decreaseheat
65,increasevolume
66,decreasevolume
67,deactivatelights
68,decreaseheat
69,increaseheat
70,activatemusic
71,increasevolume
72,increasevolume
73,decreasevolume
74,deactivatelights
75,increasevolume
76,decreaseheat
77,deactivatelights
78,decreasevolume
79,increasevolume
80,activatemusic
81,decreasevolume
82,decreasevolume
83,decreasevolume
84,deactivatelights
85,increasevolume
86,change language
87,decreasevolume
88,activatemusic
89,activatemusic
90,increaseheat
91,decreaseheat
92,decreasevolume
93,increasevolume
94,activatemusic
95,decreasevolume
96,deactivatelights
97,decreasevolume
98,decreasevolume
99,change language
100,change language
101,deactivatelights
102,increasevolume
103,decreasevolume
104,increasevolume
105,decreasevolume
106,change language
107,increaseheat
108,increasevolume
109,increasevolume
110,decreasevolume
111,change language
112,change language
113,decreaseheat
114,decreasevolume
115,increasevolume
116,increasevolume
117,decreasevolume
118,decreasevolume
119,activatemusic
120,change language
121,increasevolume
122,decreasevolume
123,decreasevolume
124,increaseheat
125,increasevolume
126,deactivatelights
127,activatemusic
128,increasevolume
129,increaseheat
130,change language
131,increasevolume
132,activatemusic
133,increaseheat
134,decreaseheat
135,increaseheat
136,decreaseheat
137,increasevolume
138,decreaseheat
139,decreasevolume
140,increasevolume
141,decreasevolume
142,increasevolume
143,decreasevolume
144,increasevolume
145,decreaseheat
146,decreasevolume
147,deactivatelights
148,decreaseheat
149,deactivatelights
150,decreasevolume
151,decreaseheat
152,increasevolume
153,decreasevolume
154,decreaseheat
155,change language
156,increasevolume
157,increaseheat
158,deactivatelights
159,activatemusic
160,decreaseheat
161,increaseheat
162,increasevolume
163,activatemusic
164,change language
165,change language
166,increasevolume
167,decreasevolume
168,deactivatelights
169,increaseheat
170,decreasevolume
171,change language
172,increaseheat
173,increasevolume
174,deactivatelights
175,decreasevolume
176,decreasevolume
177,decreasevolume
178,decreasevolume
179,increasevolume
180,decreasevolume
181,decreasevolume
182,increaseheat
183,increasevolume
184,change language
185,decreasevolume
186,increasevolume
187,increaseheat
188,increasevolume
189,activatemusic
190,increasevolume
191,deactivatelights
192,increasevolume
193,decreasevolume
194,increasevolume
195,activatemusic
196,deactivatelights
197,decreasevolume
198,decreasevolume
199,decreasevolume
200,deactivatelights
201,change language
202,decreasevolume
203,decreaseheat
204,decreasevolume
205,increasevolume
206,increasevolume
207,deactivatelights
208,increaseheat
209,decreasevolume
210,decreaseheat
211,decreasevolume
212,decreaseheat
213,decreasevolume
214,activatemusic
215,decreasevolume
216,increasevolume
217,activatemusic
218,decreasevolume
219,increaseheat
220,decreasevolume
221,increasevolume
222,change language
223,decreasevolume
224,decreaseheat
225,activatemusic
226,decreaseheat
227,increaseheat
228,increaseheat
229,change language
230,decreaseheat
231,increasevolume
232,increasevolume
233,decreaseheat
234,decreasevolume
235,increasevolume
236,decreaseheat
237,decreaseheat
238,increasevolume
239,decreasevolume
240,increasevolume
241,activatemusic
242,increaseheat
243,decreasevolume
244,increasevolume
245,activatemusic
246,increasevolume
247,activatemusic
248,increaseheat
249,decreasevolume
250,decreasevolume
251,decreaseheat
252,change language
253,decreasevolume
254,change language
255,change language
256,deactivatelights
257,decreaseheat
258,increasevolume
259,deactivatelights
260,decreasevolume
261,decreasevolume
262,decreaseheat
263,change language
264,decreaseheat
265,increasevolume
266,increasevolume
267,decreaseheat
268,increasevolume
269,decreasevolume
270,decreasevolume
271,deactivatelights
272,decreasevolume
273,decreasevolume
274,increaseheat
275,change language
276,deactivatelights
277,decreasevolume
278,increasevolume
279,decreaseheat
280,decreasevolume
281,decreaseheat
282,increaseheat
283,increasevolume
284,decreasevolume
285,decreasevolume
286,increasevolume
287,decreaseheat
288,change language
289,increasevolume
290,decreasevolume
291,change language
292,decreasevolume
293,decreasevolume
294,decreasevolume
295,decreasevolume
296,change language
297,increasevolume
298,increaseheat
299,increaseheat
300,decreasevolume
301,decreasevolume
302,decreasevolume
303,increasevolume
304,increaseheat
305,increaseheat
306,increasevolume
307,change language
308,decreaseheat
309,increasevolume
310,decreasevolume
311,increasevolume
312,activatemusic
313,decreasevolume
314,increasevolume
315,decreasevolume
316,decreasevolume
317,increaseheat
318,increasevolume
319,increasevolume
320,increasevolume
321,deactivatelights
322,decreaseheat
323,increasevolume
324,increasevolume
325,increasevolume
326,change language
327,decreasevolume
328,increasevolume
329,increaseheat
330,increasevolume
331,decreaseheat
332,deactivatelights
333,increasevolume
334,increasevolume
335,decreasevolume
336,decreaseheat
337,decreaseheat
338,change language
339,increaseheat
340,decreasevolume
341,activatemusic
342,increasevolume
343,increaseheat
344,decreasevolume
345,decreasevolume
346,decreaseheat
347,decreasevolume
348,change language
349,increasevolume
350,increasevolume
351,increasevolume
352,increasevolume
353,change language
354,increaseheat
355,increaseheat
356,decreasevolume
357,deactivatelights
358,increaseheat
359,decreaseheat
360,change language
361,decreasevolume
362,increasevolume
363,decreasevolume
364,deactivatelights
365,activatemusic
366,activatemusic
367,increasevolume
368,increasevolume
369,increasevolume
370,decreaseheat
371,increaseheat
372,deactivatelights
373,decreaseheat
374,decreaseheat
375,decreaseheat
376,increaseheat
377,decreasevolume
378,increasevolume
379,deactivatelights
380,decreasevolume
381,decreasevolume
382,increaseheat
383,decreaseheat
384,increasevolume
385,increasevolume
386,change language
387,increasevolume
388,increaseheat
389,change language
390,decreasevolume
391,change language
392,increasevolume
393,increasevolume
394,decreaseheat
395,decreasevolume
396,deactivatelights
397,increasevolume
398,deactivatelights
399,change language
400,increasevolume
401,activatemusic
402,decreasevolume
403,increasevolume
404,increaseheat
405,decreaseheat
406,increasevolume
407,decreasevolume
408,increaseheat
409,increasevolume
410,decreaseheat
411,decreasevolume
412,decreasevolume
413,change language
414,decreasevolume
415,change language
416,change language
417,decreaseheat
418,decreaseheat
419,decreasevolume
420,increaseheat
421,decreaseheat
422,decreasevolume
423,increaseheat
424,decreasevolume
425,decreasevolume
426,decreasevolume
427,increasevolume
428,decreasevolume
429,increasevolume
430,decreasevolume
431,decreasevolume
432,increasevolume
433,deactivatelights
434,change language
435,increasevolume
436,increasevolume
437,change language
438,decreasevolume
439,increasevolume
440,increasevolume
441,increasevolume
442,decreaseheat
443,decreasevolume
444,decreasevolume
445,deactivatelights
446,deactivatelights
447,decreasevolume
448,decreaseheat
449,decreasevolume
450,increasevolume
451,activatemusic
452,increaseheat
453,decreasevolume
454,decreasevolume
455,deactivatelights
456,increaseheat
457,decreaseheat
458,increasevolume
459,increasevolume
460,change language
461,increaseheat
462,decreasevolume
463,increaseheat
464,change language
465,decreasevolume
466,increasevolume
467,decreasevolume
468,change language
469,change language
470,deactivatelights
471,change language
472,activatemusic
473,change language
474,increasevolume
475,activatemusic
476,increasevolume
477,change language
478,decreasevolume
479,deactivatelights
480,decreasevolume
481,decreaseheat
482,increasevolume
483,deactivatelights
484,increasevolume
485,change language
486,deactivatelights
487,decreaseheat
488,decreaseheat
489,activatemusic
490,activatemusic
491,decreasevolume
492,deactivatelights
493,decreasevolume
494,decreasevolume
495,decreaseheat
496,change language
497,decreasevolume
498,increasevolume
499,activatemusic
500,increasevolume
501,decreaseheat
502,increasevolume
503,increasevolume
504,decreaseheat
505,decreasevolume
506,increaseheat
507,change language
508,decreasevolume
509,decreasevolume
510,change language
511,increasevolume
512,increasevolume
513,increasevolume
514,decreasevolume
515,decreaseheat
516,decreaseheat
517,decreasevolume
518,decreasevolume
519,increasevolume
520,increaseheat
521,increaseheat
522,decreasevolume
523,increasevolume
524,decreaseheat
525,increasevolume
526,decreaseheat
527,increasevolume
528,decreasevolume
529,change language
530,change language
531,decreaseheat
532,increaseheat
533,change language
534,deactivatelights
535,decreaseheat
536,deactivatelights
537,deactivatelights
538,increaseheat
539,decreasevolume
540,change language
541,increasevolume
542,increasevolume
543,decreasevolume
544,increasevolume
545,activatemusic
546,change language
547,change language
548,increasevolume
549,deactivatelights
550,increaseheat
551,activatemusic
552,decreasevolume
553,decreasevolume
554,increasevolume
555,increasevolume
556,activatemusic
557,decreasevolume
558,decreasevolume
559,increaseheat
560,increaseheat
561,change language
562,decreasevolume
563,decreasevolume
564,increasevolume
565,change language
566,increasevolume
567,change language
568,increaseheat
569,increasevolume
570,decreasevolume
571,increasevolume
572,decreaseheat
573,decreasevolume
574,decreasevolume
575,increasevolume
576,increaseheat
577,deactivatelights
578,increaseheat
579,decreasevolume
580,activatemusic
581,decreaseheat
582,decreasevolume
583,decreaseheat
584,increasevolume
585,decreasevolume
586,decreasevolume
587,increasevolume
588,increasevolume
589,change language
590,activatemusic
591,activatemusic
592,change language
593,decreasevolume
594,increasevolume
595,change language
596,change language
597,change language
598,decreaseheat
599,deactivatelights
600,decreasevolume
601,decreasevolume
602,deactivatelights
603,increasevolume
604,increasevolume
605,decreaseheat
606,increasevolume
607,decreasevolume
608,decreasevolume
609,increasevolume
610,increasevolume
611,change language
612,increasevolume
613,decreasevolume
614,decreasevolume
615,deactivatelights
616,decreasevolume
617,increaseheat
618,activatemusic
619,decreasevolume
620,increasevolume
621,decreasevolume
622,decreaseheat
623,change language
624,increaseheat
625,change language
626,increasevolume
627,decreasevolume
628,decreasevolume
629,increaseheat
630,change language
631,increasevolume
632,increasevolume
633,increasevolume
634,change language
635,increasevolume
636,increasevolume
637,decreasevolume
638,decreaseheat
639,decreasevolume
640,increasevolume
641,activatemusic
642,decreasevolume
643,decreasevolume
644,increasevolume
645,change language
646,decreasevolume
647,increaseheat
648,increasevolume
649,decreasevolume
650,change language
651,decreaseheat
652,increasevolume
653,increasevolume
654,increasevolume
655,increasevolume
656,increaseheat
657,decreaseheat
658,increaseheat
659,decreasevolume
660,increasevolume
661,increasevolume
662,decreaseheat
663,increasevolume
664,decreasevolume
665,increaseheat
666,decreasevolume
667,decreasevolume
668,decreaseheat
669,decreaseheat
670,increasevolume
671,decreaseheat
672,decreasevolume
673,decreasevolume
674,change language
675,increasevolume
676,increasevolume
677,decreaseheat
678,increasevolume
679,activatemusic
680,increaseheat
681,decreaseheat
682,decreaseheat
683,increasevolume
684,decreaseheat
685,decreasevolume
686,decreaseheat
687,deactivatelights
688,decreaseheat
689,activatemusic
690,increasevolume
691,decreasevolume
692,increaseheat
693,increasevolume
694,decreaseheat
695,increaseheat
696,increaseheat
697,decreasevolume
698,activatemusic
699,decreasevolume
700,increasevolume
701,decreasevolume
702,increasevolume
703,decreasevolume
704,decreasevolume
705,increasevolume
706,decreasevolume
707,decreasevolume
708,activatemusic
709,increaseheat
710,increaseheat
711,decreaseheat
712,deactivatelights
713,increasevolume
714,increasevolume
715,change language
716,decreaseheat
717,decreasevolume
718,increasevolume
719,increaseheat
720,decreaseheat
721,change language
722,increasevolume
723,decreaseheat
724,increasevolume
725,increasevolume
726,decreaseheat
727,activatemusic
728,decreasevolume
729,increasevolume
730,decreasevolume
731,decreasevolume
732,increasevolume
733,increasevolume
734,activatemusic
735,change language
736,increasevolume
737,decreaseheat
738,increasevolume
739,change language
740,increasevolume
741,decreasevolume
742,change language
743,increasevolume
744,change language
745,increasevolume
746,increasevolume
747,increasevolume
748,decreasevolume
749,decreasevolume
750,decreaseheat
751,increasevolume
752,change language
753,decreasevolume
754,increasevolume
755,decreaseheat
756,increasevolume
757,decreasevolume
758,decreasevolume
759,deactivatelights
760,decreasevolume
761,decreasevolume
762,activatemusic
763,increasevolume
764,increaseheat
765,decreasevolume
766,decreasevolume
767,decreasevolume
768,increaseheat
769,increasevolume
770,decreaseheat
771,deactivatelights
772,decreaseheat
773,decreasevolume
774,increasevolume
775,decreasevolume
776,decreasevolume
777,increasevolume
778,increasevolume
779,increaseheat
780,decreaseheat
781,increasevolume
782,increasevolume
783,decreasevolume
784,increasevolume
785,increasevolume
786,decreaseheat
787,deactivatelights
788,decreaseheat
789,decreasevolume
790,increasevolume
791,change language
792,decreaseheat
793,increasevolume
794,increaseheat
795,increasevolume
796,increaseheat
797,deactivatelights
798,decreasevolume
799,decreasevolume
800,activatemusic
801,change language
802,decreasevolume
803,deactivatelights
804,activatemusic
805,decreaseheat
806,decreaseheat
807,decreasevolume
808,change language
809,deactivatelights
810,decreaseheat
811,decreasevolume
812,decreasevolume
813,increasevolume
814,increasevolume
815,increasevolume
816,increasevolume
817,decreasevolume
818,increasevolume
819,decreaseheat
820,increasevolume
821,decreaseheat
822,change language
823,increaseheat
824,decreaseheat
825,decreasevolume
826,increaseheat
827,increaseheat
828,decreasevolume
829,change language
830,decreasevolume
831,change language
832,decreasevolume
833,change language
834,decreasevolume
835,activatemusic
836,decreasevolume
837,activatemusic
838,increasevolume
839,decreasevolume
840,decreasevolume
841,decreasevolume
842,change language
843,increaseheat
844,decreaseheat
845,increasevolume
846,change language
847,decreasevolume
848,change language
849,change language
850,change language
851,increasevolume
852,decreasevolume
853,decreaseheat
854,increaseheat
855,increaseheat
856,increasevolume
857,increasevolume
858,decreasevolume
859,change language
860,increasevolume
861,decreasevolume
862,increaseheat
863,increasevolume
864,decreasevolume
865,decreaseheat
866,increaseheat
867,increasevolume
868,decreasevolume
869,activatemusic
870,change language
871,increasevolume
872,decreaseheat
873,change language
874,activatemusic
875,change language
876,change language
877,change language
878,decreaseheat
879,activatemusic
880,increaseheat
881,decreasevolume
882,decreasevolume
883,activatemusic
884,increaseheat
885,change language
886,activatemusic
887,change language
888,activatemusic
889,increasevolume
890,activatemusic
891,decreasevolume
892,activatemusic
893,increaseheat
894,decreasevolume
895,deactivatelights
896,increasevolume
897,decreasevolume
898,decreaseheat
899,increaseheat
900,increaseheat
901,decreasevolume
902,increaseheat
903,decreasevolume
904,increasevolume
905,increasevolume
906,deactivatelights
907,decreaseheat
908,increasevolume
909,decreasevolume
910,deactivatelights
911,increasevolume
912,decreaseheat
913,increasevolume
914,increasevolume
915,decreasevolume
916,decreaseheat
917,decreaseheat
918,decreaseheat
919,deactivatelights
920,increasevolume
921,decreasevolume
922,increaseheat
923,increaseheat
924,increaseheat
925,increasevolume
926,decreaseheat
927,increasevolume
928,increaseheat
929,increasevolume
930,activatemusic
931,increasevolume
932,deactivatelights
933,change language
934,decreasevolume
935,change language
936,deactivatelights
937,decreasevolume
938,increasevolume
939,increasevolume
940,activatemusic
941,activatemusic
942,decreaseheat
943,increasevolume
944,change language
945,increasevolume
946,increaseheat
947,increasevolume
948,change language
949,decreasevolume
950,increasevolume
951,deactivatelights
952,increaseheat
953,increasevolume
954,decreasevolume
955,decreasevolume
956,decreasevolume
957,decreasevolume
958,increasevolume
959,increaseheat
960,activatemusic
961,increasevolume
962,decreaseheat
963,increasevolume
964,increasevolume
965,decreasevolume
966,increasevolume
967,increasevolume
968,increasevolume
969,decreasevolume
970,change language
971,increasevolume
972,decreaseheat
973,decreasevolume
974,activatemusic
975,increasevolume
976,activatemusic
977,change language
978,increasevolume
979,deactivatelights
980,decreaseheat
981,change language
982,change language
983,change language
984,increasevolume
985,increasevolume
986,increasevolume
987,increasevolume
988,decreaseheat
989,activatemusic
990,decreasevolume
991,decreasevolume
992,decreasevolume
993,deactivatelights
994,change language
995,activatemusic
996,decreaseheat
997,increasevolume
998,change language
999,increasevolume
1000,increasevolume
1001,change language
1002,decreasevolume
1003,decreaseheat
1004,increasevolume
1005,decreasevolume
1006,change language
1007,decreasevolume
1008,increasevolume
1009,increaseheat
1010,increasevolume
1011,increasevolume
1012,increasevolume
1013,decreasevolume
1014,change language
1015,decreasevolume
1016,activatemusic
1017,increasevolume
1018,decreasevolume
1019,decreasevolume
1020,increasevolume
1021,increasevolume
1022,change language
1023,increasevolume
1024,decreaseheat
1025,decreasevolume
1026,increaseheat
1027,increaseheat
1028,deactivatelights
1029,increasevolume
1030,increasevolume
1031,increaseheat
1032,increaseheat
1033,decreasevolume
1034,increaseheat
1035,activatemusic
1036,decreasevolume
1037,decreaseheat
1038,activatemusic
1039,increasevolume
1040,activatemusic
1041,activatemusic
1042,increaseheat
1043,decreasevolume
1044,change language
1045,activatemusic
1046,change language
1047,deactivatelights
1048,increasevolume
1049,deactivatelights
1050,activatemusic
1051,change language
1052,increasevolume
1053,decreasevolume
1054,increaseheat
1055,increasevolume
1056,activatemusic
1057,increaseheat
1058,decreasevolume
1059,decreasevolume
1060,increasevolume
1061,change language
1062,decreaseheat
1063,change language
1064,increaseheat
1065,increasevolume
1066,deactivatelights
1067,increaseheat
1068,decreasevolume
1069,activatemusic
1070,activatemusic
1071,decreasevolume
1072,decreasevolume
1073,increaseheat
1074,change language
1075,increasevolume
1076,activatemusic
1077,increasevolume
1078,increasevolume
1079,decreasevolume
1080,deactivatelights
1081,increaseheat
1082,decreasevolume
1083,deactivatelights
1084,increaseheat
1085,decreasevolume
1086,increaseheat
1087,increasevolume
1088,decreasevolume
1089,activatemusic
1090,increasevolume
1091,decreaseheat
1092,decreaseheat
1093,change language
1094,decreaseheat
1095,increaseheat
1096,decreasevolume
1097,decreasevolume
1098,increasevolume
1099,decreasevolume
1100,decreaseheat
1101,decreasevolume
1102,activatemusic
1103,activatemusic
1104,change language
1105,change language
1106,change language
1107,change language
1108,decreasevolume
1109,increasevolume
1110,decreasevolume
1111,decreasevolume
1112,activatemusic
1113,increasevolume
1114,decreasevolume
1115,deactivatelights
1116,change language
1117,increaseheat
1118,decreasevolume
1119,decreaseheat
1120,decreaseheat
1121,increasevolume
1122,increasevolume
1123,decreasevolume
1124,increasevolume
1125,decreasevolume
1126,decreasevolume
1127,change language
1128,increaseheat
1129,activatemusic
1130,decreasevolume
1131,increaseheat
1132,decreasevolume
1133,increasevolume
1134,decreaseheat
1135,change language
1136,increasevolume
1137,increasevolume
1138,decreaseheat
1139,decreasevolume
1140,change language
1141,increasevolume
1142,increaseheat
1143,deactivatelights
1144,increasevolume
1145,increasevolume
1146,increasevolume
1147,decreaseheat
1148,deactivatelights
1149,decreaseheat
1150,decreasevolume
1151,deactivatelights
1152,decreaseheat
1153,increasevolume
1154,increasevolume
1155,increaseheat
1156,decreasevolume
1157,decreasevolume
1158,change language
1159,increasevolume
1160,decreaseheat
1161,decreasevolume
1162,decreasevolume
1163,decreaseheat
1164,increasevolume
1165,decreasevolume
1166,increasevolume
1167,increaseheat
1168,increasevolume
1169,decreasevolume
1170,decreasevolume
1171,deactivatelights
1172,decreasevolume
1173,increaseheat
1174,activatemusic
1175,increasevolume
1176,increasevolume
1177,increasevolume
1178,increasevolume
1179,increaseheat
1180,decreasevolume
1181,decreasevolume
1182,decreasevolume
1183,decreaseheat
1184,activatemusic
1185,decreasevolume
1186,activatemusic
1187,decreaseheat
1188,decreaseheat
1189,activatemusic
1190,increaseheat
1191,decreasevolume
1192,increasevolume
1193,activatemusic
1194,increaseheat
1195,increasevolume
1196,increasevolume
1197,increasevolume
1198,deactivatelights
1199,decreasevolume
1200,activatemusic
1201,increasevolume
1202,increasevolume
1203,decreasevolume
1204,decreaseheat
1205,increasevolume
1206,decreaseheat
1207,decreasevolume
1208,decreasevolume
1209,increasevolume
1210,increaseheat
1211,decreasevolume
1212,decreasevolume
1213,increasevolume
1214,change language
1215,increasevolume
1216,decreasevolume
1217,decreaseheat
1218,increasevolume
1219,increaseheat
1220,decreasevolume
1221,decreasevolume
1222,activatemusic
1223,change language
1224,increasevolume
1225,decreaseheat
1226,decreasevolume
1227,increaseheat
1228,change language
1229,increasevolume
1230,decreasevolume
1231,activatemusic
1232,increasevolume
1233,increaseheat
1234,decreaseheat
1235,decreaseheat
1236,increasevolume
1237,increasevolume
1238,increasevolume
1239,change language
1240,change language
1241,increasevolume
1242,increaseheat
1243,decreaseheat
1244,change language
1245,increaseheat
1246,increasevolume
1247,increasevolume
1248,change language
1249,change language
1250,decreasevolume
1251,increasevolume
1252,decreasevolume
1253,increasevolume
1254,decreaseheat
1255,activatemusic
1256,decreaseheat
1257,increasevolume
1258,change language
1259,deactivatelights
1260,increaseheat
1261,decreasevolume
1262,decreaseheat
1263,increasevolume
1264,activatemusic
1265,decreaseheat
1266,decreasevolume
1267,decreasevolume
1268,decreasevolume
1269,change language
1270,decreasevolume
1271,decreaseheat
1272,decreaseheat
1273,change language
1274,change language
1275,decreaseheat
1276,change language
1277,decreasevolume
1278,increasevolume
1279,decreaseheat
1280,decreasevolume
1281,increasevolume
1282,activatemusic
1283,increaseheat
1284,decreasevolume
1285,change language
1286,decreasevolume
1287,increasevolume
1288,decreasevolume
1289,activatemusic
1290,decreasevolume
1291,increaseheat
1292,deactivatelights
1293,decreasevolume
1294,activatemusic
1295,decreasevolume
1296,decreasevolume
1297,increasevolume
1298,change language
1299,decreasevolume
1300,increasevolume
1301,increasevolume
1302,increaseheat
1303,decreasevolume
1304,change language
1305,increasevolume
1306,change language
1307,change language
1308,decreaseheat
1309,decreasevolume
1310,change language
1311,decreasevolume
1312,increasevolume
1313,increaseheat
1314,increasevolume
1315,decreaseheat
1316,change language
1317,increaseheat
1318,increaseheat
1319,deactivatelights
1320,deactivatelights
1321,decreasevolume
1322,increaseheat
1323,increasevolume
1324,change language
1325,decreaseheat
1326,change language
1327,decreasevolume
1328,increaseheat
1329,decreaseheat
1330,deactivatelights
1331,increasevolume
1332,activatemusic
1333,change language
1334,change language
1335,increaseheat
1336,change language
1337,increaseheat
1338,increaseheat
1339,increasevolume
1340,change language
1341,deactivatelights
1342,increasevolume
1343,deactivatelights
1344,decreaseheat
1345,increasevolume
1346,change language
1347,increasevolume
1348,increaseheat
1349,deactivatelights
1350,deactivatelights
1351,increaseheat
1352,increasevolume
1353,increasevolume
1354,decreaseheat
1355,increaseheat
1356,increasevolume
1357,decreaseheat
1358,increasevolume
1359,decreaseheat
1360,increaseheat
1361,increasevolume
1362,change language
1363,decreasevolume
1364,increasevolume
1365,deactivatelights
1366,increasevolume
1367,increasevolume
1368,increasevolume
1369,decreasevolume
1370,increasevolume
1371,decreaseheat
1372,deactivatelights
1373,decreasevolume
1374,activatemusic
1375,increasevolume
1376,increaseheat
1377,decreaseheat
1378,decreasevolume
1379,change language
1380,increaseheat
1381,increaseheat
1382,decreasevolume
1383,deactivatelights
1384,activatemusic
1385,increasevolume
1386,increasevolume
1387,increaseheat
1388,deactivatelights
1389,deactivatelights
1390,decreasevolume
1391,increasevolume
1392,increaseheat
1393,change language
1394,decreaseheat
1395,decreaseheat
1396,change language
1397,decreasevolume
1398,increasevolume
1399,increasevolume
1400,increasevolume
1401,decreasevolume
1402,increaseheat
1403,increasevolume
1404,change language
1405,decreasevolume
1406,increaseheat
1407,decreasevolume
1408,increasevolume
1409,decreasevolume
1410,increasevolume
1411,increasevolume
1412,change language
1413,decreasevolume
1414,decreasevolume
1415,decreasevolume
1416,deactivatelights
1417,decreasevolume
1418,decreasevolume
1419,activatemusic
1420,deactivatelights
1421,decreasevolume
1422,decreaseheat
1423,increasevolume
1424,decreaseheat
1425,decreasevolume
1426,decreasevolume
1427,increasevolume
1428,increasevolume
1429,increaseheat
1430,increaseheat
1431,activatemusic
1432,decreasevolume
1433,deactivatelights
1434,decreasevolume
1435,increasevolume
1436,increasevolume
1437,decreasevolume
1438,activatemusic
1439,increasevolume
1440,decreasevolume
1441,deactivatelights
1442,deactivatelights
1443,increasevolume
1444,change language
1445,decreasevolume
1446,decreaseheat
1447,increasevolume
1448,decreasevolume
1449,increasevolume
1450,change language
1451,decreaseheat
1452,activatemusic
1453,decreasevolume
1454,increaseheat
